block_no,ID,date,proof_of_work,prev_hash,current_hash
1,101,07-09-2016,5937247401.0,0,0000188d85de91ba37973e22b03a1f44177a63a806764fbe91403487f8ba37f3
1,101,07-09-2016,5937247401.0,0,0000188d85de91ba37973e22b03a1f44177a63a806764fbe91403487f8ba37f3
1,010101,01-11-2023,5627700328.0,0000188d85de91ba37973e22b03a1f44177a63a806764fbe91403487f8ba37f3,00005450662e33d28b3628f6e2e43b69e267a92f3cedd80fcc703e1058a82e01
1,101,07-09-2016,5937247401.0,0,0000188d85de91ba37973e22b03a1f44177a63a806764fbe91403487f8ba37f3
1,010101,01-11-2023,5627700328.0,0000188d85de91ba37973e22b03a1f44177a63a806764fbe91403487f8ba37f3,00005450662e33d28b3628f6e2e43b69e267a92f3cedd80fcc703e1058a82e01
1,010100,01-11-2023,21414810256.0,0000ede4d840a40de35554aafbd7c8801be0e8f84cf58c5617b9620834b1b6bf,000012df0f55432e76ed0a550e01a285751b84f8fa931f77c53140c80f5302cf
1,101,07-09-2016,5937247401.0,0,0000188d85de91ba37973e22b03a1f44177a63a806764fbe91403487f8ba37f3
1,010101,01-11-2023,5627700328.0,0000188d85de91ba37973e22b03a1f44177a63a806764fbe91403487f8ba37f3,00005450662e33d28b3628f6e2e43b69e267a92f3cedd80fcc703e1058a82e01
1,010100,01-11-2023,21414810256.0,0000ede4d840a40de35554aafbd7c8801be0e8f84cf58c5617b9620834b1b6bf,000012df0f55432e76ed0a550e01a285751b84f8fa931f77c53140c80f5302cf
1,hello123,07-09-2022,3220599557.0,000032cc7843eb58c88ae81d1d42e22c1af3200ee9a9849a35526a6cce47bf38,0000472b9e422b53d11e4878534224dbca86a4af4eca8ca231a18693e417de0d
